Product Name,Price,Source,url,Image,name
15-In-1 Vegetable Fruit Chopper Cutter Food Onion Veggie Dicer Slicer Kitchen US,₹1328,eBay,https://www.ebay.com/itm/145485161544?_skw=vegetable+cutter&itmmeta=01JS3SD83KEMK7AM3QQD7DG7S8&hash=item21df976448:g:iPcAAOSwE9hlcVbw&itmprp=enc%3AAQAKAAAA8FkggFvd1GGDu0w3yXCmi1dJr9V51BaSRpFKtIpqkx8u8hwnMObwYgyPRz42nAkezVuvX%2BIQrrlt8yvqJb%2FTNB7VqKLcG9mqVIV45XUPT%2BqH7Zgs%2FQdS9i9A%2FNzqjuvt3uE%2FXuJ%2FFsiX2u0ZHRutAkCI8vFQD2rY0jockrqV6NtkSMiNtd%2F5Jkw1lvucJGNIi8yTfRUCuZEFsHVxn4n4kK5inmKhlervE37P%2FpySE5Om4FB13ometVc%2FWw8vl5wiWMD6wQGAj0CE3jDNxhv4NAQ4Wky7476AXgwYWBrVpBoA%2FfAK56aFzle7bCjIk9Y9sQ%3D%3D%7Ctkp%3ABFBMgIK1-chl,,
5 in 1 Vegetable Chopper Safe Mandoline Slicer Food Potato Cutter Adjustable,₹1991,eBay,https://www.ebay.com/itm/166969168804?_skw=vegetable+cutter&itmmeta=01JS3SD83KA5852PBVQVHY51H7&hash=item26e02353a4:g:hPcAAOSwWJRm46ki&itmprp=enc%3AAQAKAAAA8FkggFvd1GGDu0w3yXCmi1ey74E0Xm4JZN3EWP5XgMj83mDLubUZo%2FYhlFCUNHwSLqJROpPuuR6x8%2Fyfe0o2ztYIKlzHgSEVHnBWk387BGtIssz72LDq4W5EoyGaCb2B7itHDWubGKuhMBqIIlSmB8t9RC%2BJdAobAvudmgCHNpCoK6MH1AGB%2BAul2RTJXl3imvTkPpHQeAoUkad49Q1iicbSLm%2BDjCCVG0zAyvYBSfveFo6asGITuj4HKhluKb%2FflRcHdNwrsCIdWYA4iXmgOLQxsx33MdTWf1EqP7LXPC2BCL0tsG%2FCq%2BtF23SHgSG82g%3D%3D%7Ctkp%3ABFBMgIK1-chl,,
Cabbage Slicer Vegetable Fruit Shredder Cutter Dicer Home Kitchen Peeler Graters,₹5477,eBay,https://www.ebay.com/itm/266563657962?_skw=vegetable+cutter&itmmeta=01JS3SD83KMCYWAPCNSKT0ZFY7&hash=item3e106ea0ea:g:mrkAAOSww4tleTZJ&itmprp=enc%3AAQAKAAAA8FkggFvd1GGDu0w3yXCmi1dus5NtJS6CHrVuxcz42zGegM2%2BNX6mE904sdT4sCnieQy2ytyj%2FPd8a5KrAGUjtsBTPUq2mWr%2Bx3oSGqpbJOgMoIQjl4%2FRw7tPfmqFsDnJyNePDa8be1SyIvQ5D5JKhgBmFviKi3pwpWtLpW7sWJfC7ly3q5Hecro9xb29ruTpNm1SWbh3tOz8MgjJN%2FNuACw20zCg7vZ94GmyypmP8EiN%2F4xywisgxi6j1ANC1FvU%2FOzJdqSvnN4Mc8yPP952P2emPnE0EFGFf9CvcMxj2raSWbC4HTfV%2FSZYZsh02b4L5A%3D%3D%7Ctkp%3ABFBMgIK1-chl,,
15 In 1 Fruit Vegetable Slicer Cutter Food Onion Veggie Dicer Chopper Kitchen US,₹1432,eBay,https://www.ebay.com/itm/135218705592?_skw=vegetable+cutter&itmmeta=01JS3SD83KT1Z6GWEM50KM5PB3&hash=item1f7ba9b4b8:g:k9IAAOSwbDlm0K-c&itmprp=enc%3AAQAKAAAA8FkggFvd1GGDu0w3yXCmi1dXXA8hgFX%2BMwS2h%2BOEhQ0kPfO3SFhwPgGLlWe88yvNU3kzjvtomaNpF2Rlh2wsKNLRqEYvhPtpoXBMX2Q6Rc9J31BeUHBFBYUcYSJ6ZyrD3piXML4c%2Bn%2BefwaBFkiATERiEEX6J%2B0aGhDvqqtgTSy6JEjbuBtZLM%2BxpQ9t29sJjVQcIG4lXiGAB%2B02jDRuuD1t4SKfYmVJcyp4nkHyPI21ga2cAv2mTvN3d7akv0MRo3KlmJ4q8Itw2D%2FRKZ%2FR0fwKaoMfI2fF2uaUL9DSHFKmOSgd%2FIP7qhvgEU9z73tGMw%3D%3D%7Ctkp%3ABFBMgIK1-chl,,
Fruit Vegetable Cutter Tomato Potato Lemon Slicer for Kitchen gadgets tools,₹986,eBay,https://www.ebay.com/itm/226536752855?_skw=vegetable+cutter&itmmeta=01JS3SD83KAEZ5TM24JWHRPS2G&hash=item34bea486d7:g:LmAAAOSwRCJngMiy&itmprp=enc%3AAQAKAAAA8FkggFvd1GGDu0w3yXCmi1eTetNOKWjXj6hSOqcFB8Q5OASWT7nA2RZhB64enqh%2BSm17eSHg3eoMQpZEkx6prbbFuXxc7U0OETNwYAh1SYT2aobd%2F%2B6h0xyZLd7VNrdZA%2FZg4F2eXVibxB%2FzJVDkYegDK19ncjHBcydILseHzsGQeZM6ZnbN3NQUTkBwRU3sbqSGIzUBQeYcYOlOdRsRWQIVmehx2ex7GSUlk9CwZYbQe44VcxujC4X9PbS9Aexx6l0Xa6D%2BdhsCCCOh7CJXiZLFX6L5Wpo94EsDYM4iZlXPzs%2FkDcWWhj1HhG%2FMT2TFQw%3D%3D%7Ctkp%3ABk9SR4KCtfnIZQ,,
2Pcs Stainless Steel Vegetable Potato Peeler Carrot Fruit Slicer Cutter Grater,₹394,eBay,https://www.ebay.com/itm/126736195022?_skw=vegetable+cutter&itmmeta=01JS3SD83KH3VZRD2N16C2YSFV&hash=item1d8210ddce:g:sTkAAOSwD4tnFzzd&itmprp=enc%3AAQAKAAAA0FkggFvd1GGDu0w3yXCmi1fYhb01cHJhY5P%2Frhwk7xKOWaS2F1BrM1b5ZBlsSFm3im4rC9Fl8iSIfn1su20SoMWPavbx1%2BNu2kQojrkWRDuJC5%2B7fBIcatjirdfwCVj8x2r%2BClRBHbk1QS6FoRHa2eKSGrsq6zjPdarpPI65%2FAzxKsBmsDAJo9knNrYvtXIJo0sE%2Blh2xXSfhj9Ss5n9o7Xi6opPrVgIjbbiT%2BE%2FRG16T1eHh3erYQCLaRETcpYgQEjOupbtJmiz93QWxQMw5fY%3D%7Ctkp%3ABk9SR4KCtfnIZQ,,
15-In-1 Vegetable Fruit Chopper Cutter Food Onion Veggie Dicer Slicer Kitchen US,₹828,eBay,https://www.ebay.com/itm/205180421584?_skw=vegetable+cutter&itmmeta=01JS3SD83KK9WN714HFRK22FKJ&hash=item2fc5b4c5d0:g:LoQAAOSwSW5nY-VA&itmprp=enc%3AAQAKAAAA8FkggFvd1GGDu0w3yXCmi1e2GUaNKzhyQfU2%2F40E8BLqDty9oenIIU8M139zV8LZuNzddYD%2B4oBEnWfLRRkvfhYFaXZyTN%2B1%2BEPSsJ9Ie5OoSwd5IrCBIwGmvp%2FumlW5azOxpVEVrtOR0p1j4YvtXku3rSY%2BLSFDwZIboXMfX3r2o4nszspiJTp2jvULPhYgtVHINKUpeJSutWac%2B7tpockxRyRxoUTbOFa8GWx9sEshlbFIjZUvm32GCr97wa5uluip3Cy7WYeOBNVGZR%2Fp35G8Y8sR%2BFxRmtrgV%2BetLYCZAnQOgQhN0ALRhcHYdLLYIw%3D%3D%7Ctkp%3ABk9SR4KCtfnIZQ,,
"Stainless Steel Potato Peeler Fruit Vegetable Spud Speed, Slicer French Cutter",₹414,eBay,https://www.ebay.com/itm/195394534057?_skw=vegetable+cutter&itmmeta=01JS3SD83KZY1TGXDGVZWKJ86P&hash=item2d7e6bfaa9:g:s70AAOSw1WdjPB9m&itmprp=enc%3AAQAKAAAA8FkggFvd1GGDu0w3yXCmi1dEJNOHQ6ovvUonp%2BNAzSVDU0BM7DmZOY22gbe5ZA1lQYj0HiM%2FAHTEECyXSGN01uvvsBAJYXTgOkXBRK7YSCyPkPWA3t9wBoUT5K26mUnz5GPFZs7jUu%2BtYtd3UWhEe68zT8ZLZUmY8tMnEdlMz1j%2F3No%2BUb0qlow3%2Bie4r0K5NQ4uS0s30E2T6EQWD4tDyPPB0cyh1zoJ7q5Kf6NPoN97g1vroiK7AkoE8j7fzgb8pg2WMOznVcHZpk%2BhNGaG2lF%2BW0HthgSTJZpGYatkxeQVcRYsSZARVgJU9PdlKoeUlw%3D%3D%7Ctkp%3ABk9SR4KCtfnIZQ,,
"Manual Vegetable Grater & Slicer – Cabbage, Carrot, Food Processor Cutter",₹1245,eBay,https://www.ebay.com/itm/126923869056?_skw=vegetable+cutter&itmmeta=01JS3SD83KQA1RT2TD0DT40FVR&hash=item1d8d408b80:g:nbAAAOSwUcFnpHNY&itmprp=enc%3AAQAKAAAA0FkggFvd1GGDu0w3yXCmi1fy7mbMhWy7UkNoD5Wdh8l3pbbPV5Sz%2BWiax3l5QelA4zpWbEdljLixJqCJS1LHdxR1BtI9Cfas3clWlCdcFTh1EyRzu8uUlgkdaNMJuNVXp%2BiYnF55O8X12y9ZZ9egzzSyhwIiC8FFT6Wh50UYMM2S90O9iwkfcKJJiQqF6E83ekchEYvkoIZ5wA%2Fj3VOXyff%2BhCeLN5A6RdL2ds0EKcTl33SoJm4DzwsrjdVI2ssRHW2OitafZbAQJhXJZhNDsAk%3D%7Ctkp%3ABk9SR4KCtfnIZQ,,
5 in 1 Vegetable Chopper Safe Mandoline Slicer Food Potato Cutter Adjustable US,₹2326,eBay,https://www.ebay.com/itm/135687000957?_skw=vegetable+cutter&itmmeta=01JS3SD83KSPB0GXVSE5EQZERB&hash=item1f9793537d:g:zNoAAOSwsotn9uNh&itmprp=enc%3AAQAKAAAA0FkggFvd1GGDu0w3yXCmi1dzG5N57vqUr0auuQmVE%2Bta8ks3aWDoiy%2FKFI5UzBJdLnYEZFoPr11RAV4I3WdxHJh1IJXHg2YI8pdIpRPoBg%2FUZUtzP1CdXQzN3FrxRwTVfcZ659fp0%2Ftv8ogJfx9QFAAayvmFyB2wtzAwVsclgfdfn69zxnYRlN0RuSIS8Ac7aorf9u%2FseiRGJeTe2YfCqEux1m3u6aUXeozB0H5I3pLgwF0AvJeoqJLHQonZTp8Px9M%2FWEl0AsmoVwsobbTd0P4%3D%7Ctkp%3ABk9SR4KCtfnIZQ,,
Spiral Potato Cutter Cucumber Slicer Vegetable Spiralizer Kitchen Gadgets,₹525,eBay,https://www.ebay.com/itm/126736195590?_skw=vegetable+cutter&itmmeta=01JS3SD83KGFVR4A1VNWHR5132&hash=item1d8210e006:g:z7wAAOSw-~BnFzz6&itmprp=enc%3AAQAKAAAA0FkggFvd1GGDu0w3yXCmi1eQfByIHqCzs32V2QzA2GwASGlVdjLccHY2g1Te%2FyZaCNa35Cnf1EfQBRllSt1b1QPK%2BTCINCu1DmxkQEtK3EdWH5Saj09zqOQSWfeFiT%2BKEjyiW%2B5afLn4kM64JLOPzABzi4JXyPWLjiWAA8VcwJ5aZ1t%2FQlxiFNOJcPHl4AqCD0IIhxU4BfjWEF8EeR3dvZPgqIezp2QxwpXNNis1lzQBrdPV6aXNSPFC6EOc9oer3WOe6Go%2Bgel5OL1KHOnuxks%3D%7Ctkp%3ABk9SR4KCtfnIZQ,,
"15 in 1 Vegetable Chopper, Salad Fruit Vegetable Food Chopper Slicer Peeler",₹2075,eBay,https://www.ebay.com/itm/396309385763?_skw=vegetable+cutter&itmmeta=01JS3SD83K0XXG0213209X96H7&hash=item5c45e15223:g:Yv0AAOSwDptng73g&itmprp=enc%3AAQAKAAAA8FkggFvd1GGDu0w3yXCmi1cNXEAGOm9e5vnT0h0WDfNWKuK3Ks9k12qEKH%2BAuL7oAN61RsH6hmgZtAcYPCRv%2FIsdTVxeBeba5X64ETSOWvDw8jAkQaciECzsuOQXJwEgZSCCWbi%2BWKEHDNkfLCG7wO8xWUkCgeomo7Q%2BGb2KrMk9XAlkc4Eq0JqEQ6ex9qBiHcezRH3x59jIur1iEWzCDY%2B0TWHTEOU6%2Bt5iMsSasmyezwfIxOctm3rphrHKraHAO6Kgc%2BcQ4npHyRK%2F9xRQDG9%2FuipnbEkaCqb4vFOQx1yf8HjUekTqedMxMFpqSe8V1A%3D%3D%7Ctkp%3ABk9SR4KCtfnIZQ,,
Adjustable Mandoline Slicer Stainless Steel Vegetable Slicer Chopper Cutter,₹1100,eBay,https://www.ebay.com/itm/167422177955?_skw=vegetable+cutter&itmmeta=01JS3SD83KP1JK1GCRSH4Y11CT&hash=item26fb23b2a3:g:zjAAAOSwR5ln7PMd&itmprp=enc%3AAQAKAAAA8FkggFvd1GGDu0w3yXCmi1cUz9xhXkLuU6e%2BmmE35wjdZ5HrtzVxFnIl74X97GLqmbFV8wjQKWNmKOIR3%2BWbYSm4LAWL2W07E8drtc0XyapuUrv2HuNcLgH8I5VEIDVH5rNc5NdV1PRpW0kzvkIFayzXGUq3mqDFr%2FnrmRT96mx6YH%2BF9kR--iI85nD4EvcImAuxWSVOPL0gDSnrsMNgbHMLLEXNpR7GvDMuuIEmtvAfT4%2F1R466ToaPrB3tVnNd%2FiUiJ4FgSx%2FnDU6Eizn6eiOXWJwGiVGVVUnJAmzybnwl8I6ItgWrNimBLmf5osQNcw%3D%3D%7Ctkp%3ABk9SR4KCtfnIZQ,,
14-In-1 Vegetable Fruit Chopper Food Onion Veggie Dicer Slicer Cutter Kitchen,₹2071,eBay,https://www.ebay.com/itm/403183419530?_skw=vegetable+cutter&itmmeta=01JS3SD83KCTKB7A4D0K0S5RY0&hash=item5ddf9ac08a:g:YgMAAOSwwWBhS~cI&itmprp=enc%3AAQAKAAAA8FkggFvd1GGDu0w3yXCmi1fJyZ6LkL13pd5XcsY3qBHm0%2FcHI58W3kp0xxUyKrypFwoFNoeZEEq2UdD596DXoUv%2F2AXXtyx6Mhf7%2BFhfgUa9jFiCs1MLeZSun89R5e5WOcLwaC5NuRt7JF8pbc%2Bvx15GPJq1FvIzfmvuuOjJRFeFOkcb9L9Y0BIt52w3ghZqjwas0Rabw75b1b%2BNhAHcVZ%2Bz4ySK9N3jb%2F6AvhwtQNSxDZHXgcKM%2F21GyaxV3PzDtqq1WRRoHxWh3RNKI9By0Xw7LBvu0ceogJAegHvR56VVaKDSlwGhjXHo7ixBFSDubg%3D%3D%7Ctkp%3ABFBMgoK1-chl,,
5 in 1 Vegetable Chopper Safe Mandoline Slicer Food Potato Cutter Adjustable,₹1991,eBay,https://www.ebay.com/itm/166974129383?_skw=vegetable+cutter&itmmeta=01JS3SD83K7F6KW0V8KCV05SBJ&hash=item26e06f04e7:g:RmQAAOSwtatm52tO&itmprp=enc%3AAQAKAAAA8FkggFvd1GGDu0w3yXCmi1eIdU%2FJepNIa%2FworkZJayY2aEv2H9yfBlWw5CVu0bNUa6nRJoGI3I5c3%2FysMhPpe07InojDvSTwdBQVn9j0URCMnSi51uuuXHtERL7M7FEXGHUzbFIyhGGY3%2B%2FTfXx9KCsaeBDzobNUB9H6U2u5%2BSxSeo8TN3E17AyL7AfZVAkxk0AQBImbYeOfV0mm5ekd7CLq%2FVB%2BDsqvltXzbVt%2FlqmRc2tvk4tRBt53dn9NJTPZSA5JWgTtUJEKsSOELfjzOHQb%2BeekSOlOnA%2BI5jSXNSo%2FQ43tTQ0MT1Jh8kCuqDszOA%3D%3D%7Ctkp%3ABFBMgoK1-chl,,
,₹299,Amazon,https://www.amazon.in/sspa/click?ie=UTF8&spc=MTo0MTc3NjM1NTEwMTE0MDMyOjE3NDQ5NTc3Nzg6c3BfYXRmOjMwMDEzMjcxMjI3OTgzMjo6MDo6&url=%2FButterfly-Premium-Vegetable-Chopper-Blue%2Fdp%2FB085F2HVF9%2Fref%3Dsr_1_1_sspa%3Fdib%3DeyJ2IjoiMSJ9.00k5EqQb1Fap_QVfbE7wzgj_n6qvLoRkcAQ6raxURoB_fHJoex-iE7D9O19J97gSKDGBLaoaYf9dAbwfQM01YQzVNdDylzKvMHgHE7vA3CYOcdbhiSvGMXXOgCoY3OcrcXs3wbVxUu9vAZ3yH767HwlMKPfHnlIGGbed_NLa09arOIsDkMQZiv2FgjYQJ_o97nlAmfu34DfDgWgpNmsOWg9yK5yBq5s7fBPt7pk8f7SqRLoVdG7AwnLIYgZT4gSPguPELrty2tWKNrJAHYlGWrUDmdYJlsjR1jinTDr5XEQ.EhVbpIR_JizHE_JfirARDs3wAhbNi7lc1V7gCn59omU%26dib_tag%3Dse%26keywords%3Dvegetable%2Bcutter%26qid%3D1744957778%26sr%3D8-1-spons%26sp_csd%3Dd2lkZ2V0TmFtZT1zcF9hdGY%26psc%3D1,https://m.media-amazon.com/images/I/61fPH47Hd0L._AC_UL320_.jpg,"Butterfly Premium Vegetable Chopper 900 Ml, Blue"
,₹729,Amazon,https://www.amazon.in/sspa/click?ie=UTF8&spc=MTo0MTc3NjM1NTEwMTE0MDMyOjE3NDQ5NTc3Nzg6c3BfYXRmOjMwMDUyNzYwNjkzMzEzMjo6MDo6&url=%2FTekcool-Multipurpose-Chopper-Vegetable-Unbreakable%2Fdp%2FB0DJF8J4TS%2Fref%3Dsr_1_2_sspa%3Fdib%3DeyJ2IjoiMSJ9.00k5EqQb1Fap_QVfbE7wzgj_n6qvLoRkcAQ6raxURoB_fHJoex-iE7D9O19J97gSKDGBLaoaYf9dAbwfQM01YQzVNdDylzKvMHgHE7vA3CYOcdbhiSvGMXXOgCoY3OcrcXs3wbVxUu9vAZ3yH767HwlMKPfHnlIGGbed_NLa09arOIsDkMQZiv2FgjYQJ_o97nlAmfu34DfDgWgpNmsOWg9yK5yBq5s7fBPt7pk8f7SqRLoVdG7AwnLIYgZT4gSPguPELrty2tWKNrJAHYlGWrUDmdYJlsjR1jinTDr5XEQ.EhVbpIR_JizHE_JfirARDs3wAhbNi7lc1V7gCn59omU%26dib_tag%3Dse%26keywords%3Dvegetable%2Bcutter%26qid%3D1744957778%26sr%3D8-2-spons%26sp_csd%3Dd2lkZ2V0TmFtZT1zcF9hdGY%26psc%3D1,https://m.media-amazon.com/images/I/71cmNKyT9zL._AC_UL320_.jpg,"15 in 1 Multipurpose Chopper, Fruits & Vegetable Cutters, Grater Peeler Chipser, Unbreakable Food Grade Body, Easy Push to Clean Button Slicer Dicer, Chopper for Kitchen (Green, Plastic)"
,₹399,Amazon,https://www.amazon.in/sspa/click?ie=UTF8&spc=MTo0MTc3NjM1NTEwMTE0MDMyOjE3NDQ5NTc3Nzg6c3BfYXRmOjMwMDUzMDg0Mjg1MTUzMjo6MDo6&url=%2FVOLTURI-Chopper-Vegetable-Effortlessly-Vegetables%2Fdp%2FB0DY7CMRYC%2Fref%3Dsr_1_3_sspa%3Fdib%3DeyJ2IjoiMSJ9.00k5EqQb1Fap_QVfbE7wzgj_n6qvLoRkcAQ6raxURoB_fHJoex-iE7D9O19J97gSKDGBLaoaYf9dAbwfQM01YQzVNdDylzKvMHgHE7vA3CYOcdbhiSvGMXXOgCoY3OcrcXs3wbVxUu9vAZ3yH767HwlMKPfHnlIGGbed_NLa09arOIsDkMQZiv2FgjYQJ_o97nlAmfu34DfDgWgpNmsOWg9yK5yBq5s7fBPt7pk8f7SqRLoVdG7AwnLIYgZT4gSPguPELrty2tWKNrJAHYlGWrUDmdYJlsjR1jinTDr5XEQ.EhVbpIR_JizHE_JfirARDs3wAhbNi7lc1V7gCn59omU%26dib_tag%3Dse%26keywords%3Dvegetable%2Bcutter%26qid%3D1744957778%26sr%3D8-3-spons%26sp_csd%3Dd2lkZ2V0TmFtZT1zcF9hdGY%26psc%3D1,https://m.media-amazon.com/images/I/81UDDQ87PnL._AC_UL320_.jpg,"Chopper for Kitchen Use Vegetable Chopper Kitchen Manual Handy Compact Push Chopper with 5 Blades for Effortlessly Cutting Vegetables, Onion, Ginger, Garlic, Salad, Tomato, Potato (A-1000 ML)"
,₹149,Amazon,https://www.amazon.in/sspa/click?ie=UTF8&spc=MTo0MTc3NjM1NTEwMTE0MDMyOjE3NDQ5NTc3Nzg6c3BfYXRmOjMwMDUzNjEwODI5MDUzMjo6MDo6&url=%2Fjankylabh-Stainless-Vegetable-Crinkle-Chopper%2Fdp%2FB0F53K52P1%2Fref%3Dsr_1_4_sspa%3Fdib%3DeyJ2IjoiMSJ9.00k5EqQb1Fap_QVfbE7wzgj_n6qvLoRkcAQ6raxURoB_fHJoex-iE7D9O19J97gSKDGBLaoaYf9dAbwfQM01YQzVNdDylzKvMHgHE7vA3CYOcdbhiSvGMXXOgCoY3OcrcXs3wbVxUu9vAZ3yH767HwlMKPfHnlIGGbed_NLa09arOIsDkMQZiv2FgjYQJ_o97nlAmfu34DfDgWgpNmsOWg9yK5yBq5s7fBPt7pk8f7SqRLoVdG7AwnLIYgZT4gSPguPELrty2tWKNrJAHYlGWrUDmdYJlsjR1jinTDr5XEQ.EhVbpIR_JizHE_JfirARDs3wAhbNi7lc1V7gCn59omU%26dib_tag%3Dse%26keywords%3Dvegetable%2Bcutter%26qid%3D1744957778%26sr%3D8-4-spons%26sp_csd%3Dd2lkZ2V0TmFtZT1zcF9hdGY%26psc%3D1,https://m.media-amazon.com/images/I/518MVhP2bEL._AC_UL320_.jpg,Stainless Steel Potato Carrot Chip Vegetable Crinkle Wavy Chopper Cutter French Fry Slicer 1 Pack/Set
,₹699,Amazon,https://www.amazon.in/Ganesh-Vegetable-Dicer-Cutting-Blades/dp/B01BVDS1BE/ref=sr_1_5?dib=eyJ2IjoiMSJ9.00k5EqQb1Fap_QVfbE7wzgj_n6qvLoRkcAQ6raxURoB_fHJoex-iE7D9O19J97gSKDGBLaoaYf9dAbwfQM01YQzVNdDylzKvMHgHE7vA3CYOcdbhiSvGMXXOgCoY3OcrcXs3wbVxUu9vAZ3yH767HwlMKPfHnlIGGbed_NLa09arOIsDkMQZiv2FgjYQJ_o97nlAmfu34DfDgWgpNmsOWg9yK5yBq5s7fBPt7pk8f7SqRLoVdG7AwnLIYgZT4gSPguPELrty2tWKNrJAHYlGWrUDmdYJlsjR1jinTDr5XEQ.EhVbpIR_JizHE_JfirARDs3wAhbNi7lc1V7gCn59omU&dib_tag=se&keywords=vegetable+cutter&qid=1744957778&sr=8-5,https://m.media-amazon.com/images/I/71SSpHadzXL._AC_UL320_.jpg,"Ganesh 14 in 1 Multipurpose Chopper, Fruits & Vegetable Cutters, Grater Peeler Chipser, Unbreakable Food Grade Body, Easy Push to Clean Button Slicer Dicer, Chopper for Kitchen (Green, Plastic)"
,₹679,Amazon,https://www.amazon.in/Vegetable-Chopper-Container-Mandoline-Inserts/dp/B0BHSXFTGH/ref=sr_1_6?dib=eyJ2IjoiMSJ9.00k5EqQb1Fap_QVfbE7wzgj_n6qvLoRkcAQ6raxURoB_fHJoex-iE7D9O19J97gSKDGBLaoaYf9dAbwfQM01YQzVNdDylzKvMHgHE7vA3CYOcdbhiSvGMXXOgCoY3OcrcXs3wbVxUu9vAZ3yH767HwlMKPfHnlIGGbed_NLa09arOIsDkMQZiv2FgjYQJ_o97nlAmfu34DfDgWgpNmsOWg9yK5yBq5s7fBPt7pk8f7SqRLoVdG7AwnLIYgZT4gSPguPELrty2tWKNrJAHYlGWrUDmdYJlsjR1jinTDr5XEQ.EhVbpIR_JizHE_JfirARDs3wAhbNi7lc1V7gCn59omU&dib_tag=se&keywords=vegetable+cutter&qid=1744957778&sr=8-6,https://m.media-amazon.com/images/I/81EKX-2RBZL._AC_UL320_.jpg,"Vegetable Chopper - Chopper Vegetable Cutter, Food Chopper, Veggie Chopper, Onion Chopper, Vegetable Chopper With Container, Vegetable Slicer, Vegetable Cutter, Mandoline Slicer With 6 Inserts"
,₹169,Amazon,https://www.amazon.in/Pigeon-Stovekraft-Plastic-Chopper-Blades/dp/B01LWYDEQ7/ref=sr_1_7?dib=eyJ2IjoiMSJ9.00k5EqQb1Fap_QVfbE7wzgj_n6qvLoRkcAQ6raxURoB_fHJoex-iE7D9O19J97gSKDGBLaoaYf9dAbwfQM01YQzVNdDylzKvMHgHE7vA3CYOcdbhiSvGMXXOgCoY3OcrcXs3wbVxUu9vAZ3yH767HwlMKPfHnlIGGbed_NLa09arOIsDkMQZiv2FgjYQJ_o97nlAmfu34DfDgWgpNmsOWg9yK5yBq5s7fBPt7pk8f7SqRLoVdG7AwnLIYgZT4gSPguPELrty2tWKNrJAHYlGWrUDmdYJlsjR1jinTDr5XEQ.EhVbpIR_JizHE_JfirARDs3wAhbNi7lc1V7gCn59omU&dib_tag=se&keywords=vegetable+cutter&qid=1744957778&sr=8-7,https://m.media-amazon.com/images/I/51RXzjrUmkL._AC_UL320_.jpg,"Pigeon Polypropylene Mini Handy and Compact Chopper with 3 Blades for Effortlessly Chopping Vegetables and Fruits for Your Kitchen (12420, Green, 400 ml)"
,₹299,Amazon,https://www.amazon.in/Butterfly-Premium-Vegetable-Chopper-Blue/dp/B085F2HVF9/ref=sr_1_8?dib=eyJ2IjoiMSJ9.00k5EqQb1Fap_QVfbE7wzgj_n6qvLoRkcAQ6raxURoB_fHJoex-iE7D9O19J97gSKDGBLaoaYf9dAbwfQM01YQzVNdDylzKvMHgHE7vA3CYOcdbhiSvGMXXOgCoY3OcrcXs3wbVxUu9vAZ3yH767HwlMKPfHnlIGGbed_NLa09arOIsDkMQZiv2FgjYQJ_o97nlAmfu34DfDgWgpNmsOWg9yK5yBq5s7fBPt7pk8f7SqRLoVdG7AwnLIYgZT4gSPguPELrty2tWKNrJAHYlGWrUDmdYJlsjR1jinTDr5XEQ.EhVbpIR_JizHE_JfirARDs3wAhbNi7lc1V7gCn59omU&dib_tag=se&keywords=vegetable+cutter&qid=1744957778&sr=8-8,https://m.media-amazon.com/images/I/61fPH47Hd0L._AC_UL320_.jpg,"Butterfly Premium Vegetable Chopper 900 Ml, Blue"
,₹729,Amazon,https://www.amazon.in/Tekcool-Multipurpose-Chopper-Vegetable-Unbreakable/dp/B0DJF8J4TS/ref=sr_1_9?dib=eyJ2IjoiMSJ9.00k5EqQb1Fap_QVfbE7wzgj_n6qvLoRkcAQ6raxURoB_fHJoex-iE7D9O19J97gSKDGBLaoaYf9dAbwfQM01YQzVNdDylzKvMHgHE7vA3CYOcdbhiSvGMXXOgCoY3OcrcXs3wbVxUu9vAZ3yH767HwlMKPfHnlIGGbed_NLa09arOIsDkMQZiv2FgjYQJ_o97nlAmfu34DfDgWgpNmsOWg9yK5yBq5s7fBPt7pk8f7SqRLoVdG7AwnLIYgZT4gSPguPELrty2tWKNrJAHYlGWrUDmdYJlsjR1jinTDr5XEQ.EhVbpIR_JizHE_JfirARDs3wAhbNi7lc1V7gCn59omU&dib_tag=se&keywords=vegetable+cutter&qid=1744957778&sr=8-9,https://m.media-amazon.com/images/I/71cmNKyT9zL._AC_UL320_.jpg,"15 in 1 Multipurpose Chopper, Fruits & Vegetable Cutters, Grater Peeler Chipser, Unbreakable Food Grade Body, Easy Push to Clean Button Slicer Dicer, Chopper for Kitchen (Green, Plastic)"
,₹223,Amazon,https://www.amazon.in/Kuber-Industries-Vegetable-Stainless-CTKTC034212/dp/B083J6N7HX/ref=sr_1_10?dib=eyJ2IjoiMSJ9.00k5EqQb1Fap_QVfbE7wzgj_n6qvLoRkcAQ6raxURoB_fHJoex-iE7D9O19J97gSKDGBLaoaYf9dAbwfQM01YQzVNdDylzKvMHgHE7vA3CYOcdbhiSvGMXXOgCoY3OcrcXs3wbVxUu9vAZ3yH767HwlMKPfHnlIGGbed_NLa09arOIsDkMQZiv2FgjYQJ_o97nlAmfu34DfDgWgpNmsOWg9yK5yBq5s7fBPt7pk8f7SqRLoVdG7AwnLIYgZT4gSPguPELrty2tWKNrJAHYlGWrUDmdYJlsjR1jinTDr5XEQ.EhVbpIR_JizHE_JfirARDs3wAhbNi7lc1V7gCn59omU&dib_tag=se&keywords=vegetable+cutter&qid=1744957778&sr=8-10,https://m.media-amazon.com/images/I/61RBzNUThNS._AC_UL320_.jpg,"Kuber Industries Plastic 2 in 1 Vegetable & Fruit Multi Cutter & Peeler,Veg Cutter Sharp Stainless Steel 5 Blade Vegetable Cutter with Peeler (Multi) CTKTC034212"
,₹96,Amazon,https://www.amazon.in/Ganesh-Vegetable-Slicer-Cutter-Kitchen/dp/B07MQ1QX3F/ref=sr_1_11?dib=eyJ2IjoiMSJ9.00k5EqQb1Fap_QVfbE7wzgj_n6qvLoRkcAQ6raxURoB_fHJoex-iE7D9O19J97gSKDGBLaoaYf9dAbwfQM01YQzVNdDylzKvMHgHE7vA3CYOcdbhiSvGMXXOgCoY3OcrcXs3wbVxUu9vAZ3yH767HwlMKPfHnlIGGbed_NLa09arOIsDkMQZiv2FgjYQJ_o97nlAmfu34DfDgWgpNmsOWg9yK5yBq5s7fBPt7pk8f7SqRLoVdG7AwnLIYgZT4gSPguPELrty2tWKNrJAHYlGWrUDmdYJlsjR1jinTDr5XEQ.EhVbpIR_JizHE_JfirARDs3wAhbNi7lc1V7gCn59omU&dib_tag=se&keywords=vegetable+cutter&qid=1744957778&sr=8-11,https://m.media-amazon.com/images/I/61N-5a5qk5L._AC_UL320_.jpg,"Ganesh Plastic Vegetable Slicer Cutter, Black"
,₹183,Amazon,https://www.amazon.in/Ganesh-Wonder-Chopper-GANESH/dp/B07YB8YYDZ/ref=sr_1_12?dib=eyJ2IjoiMSJ9.00k5EqQb1Fap_QVfbE7wzgj_n6qvLoRkcAQ6raxURoB_fHJoex-iE7D9O19J97gSKDGBLaoaYf9dAbwfQM01YQzVNdDylzKvMHgHE7vA3CYOcdbhiSvGMXXOgCoY3OcrcXs3wbVxUu9vAZ3yH767HwlMKPfHnlIGGbed_NLa09arOIsDkMQZiv2FgjYQJ_o97nlAmfu34DfDgWgpNmsOWg9yK5yBq5s7fBPt7pk8f7SqRLoVdG7AwnLIYgZT4gSPguPELrty2tWKNrJAHYlGWrUDmdYJlsjR1jinTDr5XEQ.EhVbpIR_JizHE_JfirARDs3wAhbNi7lc1V7gCn59omU&dib_tag=se&keywords=vegetable+cutter&qid=1744957778&sr=8-12,https://m.media-amazon.com/images/I/614OuN+96GL._AC_UL320_.jpg,"GANESH Wonder Kitchen Dori Handy Vegetable and Fruit Manual Onion Dry Fruit Salad Maker Vegetable Quick String Chopper Machine, Cutter – 3 Stainless Steel Blades (470 ml, Grey)"
,₹259,Amazon,https://www.amazon.in/COSMOS-Chopper-Manual-Hand-Press-Vegetable/dp/B0BNDKBDTV/ref=sr_1_13?dib=eyJ2IjoiMSJ9.00k5EqQb1Fap_QVfbE7wzgj_n6qvLoRkcAQ6raxURoB_fHJoex-iE7D9O19J97gSKDGBLaoaYf9dAbwfQM01YQzVNdDylzKvMHgHE7vA3CYOcdbhiSvGMXXOgCoY3OcrcXs3wbVxUu9vAZ3yH767HwlMKPfHnlIGGbed_NLa09arOIsDkMQZiv2FgjYQJ_o97nlAmfu34DfDgWgpNmsOWg9yK5yBq5s7fBPt7pk8f7SqRLoVdG7AwnLIYgZT4gSPguPELrty2tWKNrJAHYlGWrUDmdYJlsjR1jinTDr5XEQ.EhVbpIR_JizHE_JfirARDs3wAhbNi7lc1V7gCn59omU&dib_tag=se&keywords=vegetable+cutter&qid=1744957778&sr=8-13,https://m.media-amazon.com/images/I/71ugB+w95TL._AC_UL320_.jpg,"E-COSMOS Food Chopper 900ml, 4 Blade Steel Large Manual Hand-Press Vegetable Chopper Mixer Cutter to Cut Onion, Salad, Tomato, Potato (Pack of 1) 900ml"
,₹399,Amazon,https://www.amazon.in/sspa/click?ie=UTF8&spc=MTo0MDY5MTY0MDU1Mzk1NjE5OjE3NDQ5NTc3Nzg6c3Bfc2VhcmNoX3RoZW1hdGljOjMwMDUzMDg0Mjg1MTUzMjo6MDo6&url=%2FVOLTURI-Chopper-Vegetable-Effortlessly-Vegetables%2Fdp%2FB0DY7CMRYC%2Fref%3Dsxin_23_pa_sp_search_thematic_sspa%3Fcontent-id%3Damzn1.sym.70fd741c-68a9-470a-9805-115e3115104d%253Aamzn1.sym.70fd741c-68a9-470a-9805-115e3115104d%26cv_ct_cx%3Dvegetable%2Bcutter%26keywords%3Dvegetable%2Bcutter%26pd_rd_i%3DB0DY7CMRYC%26pd_rd_r%3D2661793a-36bd-44db-8b0e-d281db8501c5%26pd_rd_w%3DXGrUF%26pd_rd_wg%3DtU3Jy%26pf_rd_p%3D70fd741c-68a9-470a-9805-115e3115104d%26pf_rd_r%3D7ZE6DJSJ38823M98EKQB%26qid%3D1744957778%26sbo%3DRZvfv%252F%252FHxDF%252BO5021pAnSA%253D%253D%26sr%3D1-1-66673dcf-083f-43ba-b782-d4a436cc5cfb-spons%26sp_csd%3Dd2lkZ2V0TmFtZT1zcF9zZWFyY2hfdGhlbWF0aWM%26psc%3D1,https://m.media-amazon.com/images/I/81UDDQ87PnL._AC_UL320_.jpg,"Chopper for Kitchen Use Vegetable Chopper Kitchen Manual Handy Compact Push Chopper with 5 Blades for Effortlessly Cutting Vegetables, Onion, Ginger, Garlic, Salad, Tomato, Potato (A-1000 ML)"
,₹297,Amazon,https://www.amazon.in/sspa/click?ie=UTF8&spc=MTo0MDY5MTY0MDU1Mzk1NjE5OjE3NDQ5NTc3Nzg6c3Bfc2VhcmNoX3RoZW1hdGljOjMwMDEzNDc4MDUwNjUzMjo6MTo6&url=%2FEmergity-Plastic-Vegetable-Chopper-Kitchen%2Fdp%2FB0CVXSKG5D%2Fref%3Dsxin_23_pa_sp_search_thematic_sspa%3Fcontent-id%3Damzn1.sym.70fd741c-68a9-470a-9805-115e3115104d%253Aamzn1.sym.70fd741c-68a9-470a-9805-115e3115104d%26cv_ct_cx%3Dvegetable%2Bcutter%26keywords%3Dvegetable%2Bcutter%26pd_rd_i%3DB0CVXSKG5D%26pd_rd_r%3D2661793a-36bd-44db-8b0e-d281db8501c5%26pd_rd_w%3DXGrUF%26pd_rd_wg%3DtU3Jy%26pf_rd_p%3D70fd741c-68a9-470a-9805-115e3115104d%26pf_rd_r%3D7ZE6DJSJ38823M98EKQB%26qid%3D1744957778%26sbo%3DRZvfv%252F%252FHxDF%252BO5021pAnSA%253D%253D%26sr%3D1-2-66673dcf-083f-43ba-b782-d4a436cc5cfb-spons%26sp_csd%3Dd2lkZ2V0TmFtZT1zcF9zZWFyY2hfdGhlbWF0aWM%26psc%3D1,https://m.media-amazon.com/images/I/61sJIlUH5RL._AC_UL320_.jpg,"Plastic Manual Vegetable Chopper for Kitchen, Vegetable Cutter for Kitchen, Onion Cutter, Onion Chopper (Multi Colour) (750 ml)"
